partner_a,partner_b,protein_name_a,protein_name_b,annotation_strategy,source
ACVL1_BMPR2,O95393,,BMP10_HUMAN,user_curated,PMID: 22710174
ACVL1_BMPR2,Q9UK05,,GDF2_HUMAN,user_curated,PMID: 22710174
ACVR1_BMPR2,P18075,,BMP7_HUMAN,user_curated,PMID: 22710174
ACVR1_BMPR2,P22003,,BMP5_HUMAN,user_curated,PMID: 22710174
ACVR1_BMPR2,P22004,,BMP6_HUMAN,user_curated,PMID: 22710174
ACVR1_BMPR2,Q7Z5Y6,,BMP8A_HUMAN,user_curated,PMID: 22710174
ACVR_1A2A receptor,P08476,,INHBA_HUMAN,user_curated,less common binding; PMID: 22710174; PMID: 22991378  & rndsystem webpage
ACVR_1A2A receptor,P09529,,INHBB_HUMAN,user_curated,less common binding; PMID: 22710174; PMID: 22991378  & rndsystem webpage
ACVR_1A2A receptor,P18075,,BMP7_HUMAN,user_curated,PMID: 22710174
ACVR_1A2A receptor,P22003,,BMP5_HUMAN,user_curated,PMID: 22710174
ACVR_1A2A receptor,P22004,,BMP6_HUMAN,user_curated,PMID: 22710174
ACVR_1A2A receptor,Q7Z5Y6,,BMP8A_HUMAN,user_curated,PMID: 22710174
ACVR_1A2B receptor,P08476,,INHBA_HUMAN,user_curated,less common binding; PMID: 22710174; PMID: 22991378  & rndsystem webpage
ACVR_1A2B receptor,P09529,,INHBB_HUMAN,user_curated,less common binding; PMID: 22710174; PMID: 22991378  & rndsystem webpage
ACVR_1A2B receptor,P18075,,BMP7_HUMAN,user_curated,PMID: 22710174
ACVR_1A2B receptor,P22003,,BMP5_HUMAN,user_curated,PMID: 22710174
ACVR_1A2B receptor,P22004,,BMP6_HUMAN,user_curated,PMID: 22710174
ACVR_1A2B receptor,Q7Z5Y6,,BMP8A_HUMAN,user_curated,PMID: 22710174
ACVR_1B2A receptor,O14793,,GDF8_HUMAN,user_curated,PMID: 22710174
ACVR_1B2A receptor,O95390,,GDF11_HUMAN,user_curated,PMID: 22710174
ACVR_1B2A receptor,P08476,,INHBA_HUMAN,user_curated,PMID: 22710174 & rndsystem webpage; PMID: 22991378
ACVR_1B2A receptor,P09529,,INHBB_HUMAN,user_curated,PMID: 22710174 & rndsystem webpage; PMID: 22991378
ACVR_1B2A receptor,P12645,,BMP3_HUMAN,user_curated,PMID: 22710174
ACVR_1B2B receptor,O14793,,GDF8_HUMAN,user_curated,PMID: 22710174
ACVR_1B2B receptor,O95390,,GDF11_HUMAN,user_curated,PMID: 22710174
ACVR_1B2B receptor,P08476,,INHBA_HUMAN,user_curated,PMID: 22710174 & rndsystem webpage; PMID: 22991378
ACVR_1B2B receptor,P09529,,INHBB_HUMAN,user_curated,PMID: 22710174 & rndsystem webpage; PMID: 22991378
ACVR_1B2B receptor,P27539,,GDF1_HUMAN,user_curated,PMID: 22710174
ACVR_1B2B receptor,P55107,,GDF10_HUMAN,user_curated,PMID: 22710174
ACVR_1B2B receptor,Q9NR23,,GDF3_HUMAN,user_curated,PMID: 22710174
ACVR_1C2A receptor,P08476,,INHBA_HUMAN,user_curated,PMID: 22710174 & rndsystem webpage; PMID: 22991378
ACVR_1C2A receptor,P09529,,INHBB_HUMAN,user_curated,PMID: 22710174 & rndsystem webpage; PMID: 22991378
ACVR_1C2B receptor,P08476,,INHBA_HUMAN,user_curated,PMID: 22710174 & rndsystem webpage; PMID: 22991378
ACVR_1C2B receptor,P09529,,INHBB_HUMAN,user_curated,PMID: 22710174 & rndsystem webpage; PMID: 22991378
BMPR1A_BMPR2,P12643,,BMP2_HUMAN,user_curated,PMID: 22710174
BMPR1A_BMPR2,P12644,,BMP4_HUMAN,user_curated,PMID: 22710174
BMPR1A_BMPR2,P18075,,BMP7_HUMAN,user_curated,PMID: 22710174
BMPR1A_BMPR2,P22003,,BMP5_HUMAN,user_curated,PMID: 22710174
BMPR1A_BMPR2,P22004,,BMP6_HUMAN,user_curated,PMID: 22710174
BMPR1A_BMPR2,P43026,,GDF5_HUMAN,user_curated,PMID: 22710174
BMPR1A_BMPR2,Q6KF10,,GDF6_HUMAN,user_curated,PMID: 22710174
BMPR1A_BMPR2,Q7Z4P5,,GDF7_HUMAN,user_curated,PMID: 22710174
BMPR1A_BMPR2,Q7Z5Y6,,BMP8A_HUMAN,user_curated,PMID: 22710174
BMPR1B_BMPR2,O95972,,BMP15_HUMAN,user_curated,PMID: 22710174
BMPR1B_BMPR2,P12643,,BMP2_HUMAN,user_curated,PMID: 22710174
BMPR1B_BMPR2,P12644,,BMP4_HUMAN,user_curated,PMID: 22710174
BMPR1B_BMPR2,P18075,,BMP7_HUMAN,user_curated,PMID: 22710174
BMPR1B_BMPR2,P22003,,BMP5_HUMAN,user_curated,PMID: 22710174
BMPR1B_BMPR2,P22004,,BMP6_HUMAN,user_curated,PMID: 22710174
BMPR1B_BMPR2,P36894,,BMR1A_HUMAN,user_curated,"3evs,  PDB complex higher affinity"
BMPR1B_BMPR2,P43026,,GDF5_HUMAN,user_curated,PMID: 22710174
BMPR1B_BMPR2,Q6KF10,,GDF6_HUMAN,user_curated,PMID: 22710174
BMPR1B_BMPR2,Q7Z4P5,,GDF7_HUMAN,user_curated,PMID: 22710174
BMPR1B_BMPR2,Q7Z5Y6,,BMP8A_HUMAN,user_curated,PMID: 22710174
BMR1A_ACR2A,P12643,,BMP2_HUMAN,user_curated,PMID: 22710174
BMR1A_ACR2A,P12644,,BMP4_HUMAN,user_curated,PMID: 22710174
BMR1A_ACR2A,P18075,,BMP7_HUMAN,user_curated,PMID: 22710174
BMR1A_ACR2A,P22003,,BMP5_HUMAN,user_curated,PMID: 22710174
BMR1A_ACR2A,P22004,,BMP6_HUMAN,user_curated,PMID: 22710174
BMR1A_ACR2A,P43026,,GDF5_HUMAN,user_curated,PMID: 22710174
BMR1A_ACR2A,Q6KF10,,GDF6_HUMAN,user_curated,PMID: 22710174
BMR1A_ACR2A,Q7Z4P5,,GDF7_HUMAN,user_curated,PMID: 22710174
BMR1A_ACR2A,Q7Z5Y6,,BMP8A_HUMAN,user_curated,PMID: 22710174
BMR1A_AVR2B,P12643,,BMP2_HUMAN,user_curated,PMID: 22710174
BMR1A_AVR2B,P12644,,BMP4_HUMAN,user_curated,PMID: 22710174
BMR1A_AVR2B,P18075,,BMP7_HUMAN,user_curated,PMID: 22710174
BMR1A_AVR2B,P22003,,BMP5_HUMAN,user_curated,PMID: 22710174
BMR1A_AVR2B,P22004,,BMP6_HUMAN,user_curated,PMID: 22710174
BMR1A_AVR2B,P43026,,GDF5_HUMAN,user_curated,PMID: 22710174
BMR1A_AVR2B,Q6KF10,,GDF6_HUMAN,user_curated,PMID: 22710174
BMR1A_AVR2B,Q7Z4P5,,GDF7_HUMAN,user_curated,PMID: 22710174
BMR1A_AVR2B,Q7Z5Y6,,BMP8A_HUMAN,user_curated,PMID: 22710174
BMR1B_AVR2A,P12643,,BMP2_HUMAN,user_curated,PMID: 22710174
BMR1B_AVR2A,P12644,,BMP4_HUMAN,user_curated,PMID: 22710174
BMR1B_AVR2A,P18075,,BMP7_HUMAN,user_curated,PMID: 22710174
BMR1B_AVR2A,P22003,,BMP5_HUMAN,user_curated,PMID: 22710174
BMR1B_AVR2A,P22004,,BMP6_HUMAN,user_curated,PMID: 22710174
BMR1B_AVR2A,P43026,,GDF5_HUMAN,user_curated,PMID: 22710174
BMR1B_AVR2A,Q6KF10,,GDF6_HUMAN,user_curated,PMID: 22710174
BMR1B_AVR2A,Q7Z4P5,,GDF7_HUMAN,user_curated,PMID: 22710174
BMR1B_AVR2A,Q7Z5Y6,,BMP8A_HUMAN,user_curated,PMID: 22710174
BMR1B_AVR2B,P12643,,BMP2_HUMAN,user_curated,PMID: 22710174
BMR1B_AVR2B,P12644,,BMP4_HUMAN,user_curated,PMID: 22710174
BMR1B_AVR2B,P18075,,BMP7_HUMAN,user_curated,PMID: 22710174
BMR1B_AVR2B,P22003,,BMP5_HUMAN,user_curated,PMID: 22710174
BMR1B_AVR2B,P22004,,BMP6_HUMAN,user_curated,PMID: 22710174
BMR1B_AVR2B,P43026,,GDF5_HUMAN,user_curated,PMID: 22710174
BMR1B_AVR2B,Q6KF10,,GDF6_HUMAN,user_curated,PMID: 22710174
BMR1B_AVR2B,Q7Z4P5,,GDF7_HUMAN,user_curated,PMID: 22710174
BMR1B_AVR2B,Q7Z5Y6,,BMP8A_HUMAN,user_curated,PMID: 22710174
CNTF-1R,P26441,,CNTF_HUMAN,user_curated,uniprot
CNTF-1R,Q9UBD9,,CLCF1_HUMAN,user_curated,uniprot
FLT1 complex,P15692,,VEGFA_HUMAN,user_curated,uniprot
FLT1 complex,P49763,,PLGF_HUMAN,user_curated,uniprot
FLT1 complex,P49765,,VEGFB_HUMAN,user_curated,uniprot
GMCSFR,P04141,,CSF2_HUMAN,user_curated,"4nkq, PDB"
IL1 receptor,P01583,,IL1A_HUMAN,user_curated,uniprot
IL1 receptor,P01584,,IL1B_HUMAN,user_curated,"4dep, PDB"
IL1 receptor,P18510,,IL1RA_HUMAN,user_curated,"1ira, PDB partially"
IL1 receptor inhibitor,P01583,,IL1A_HUMAN,user_curated,"low affinity, uniprot"
IL1 receptor inhibitor,P01584,,IL1B_HUMAN,user_curated,"3o4o, PDB"
IL1 receptor inhibitor,P18510,,IL1RA_HUMAN,user_curated,low affinity
IL10 receptor,P22301,,IL10_HUMAN,user_curated,"1j7v, PDB partially"
IL11 receptor,P20809,,IL11_HUMAN,user_curated,uniprot
IL13 receptor,P05112,,IL4_HUMAN,user_curated,"3bpn, PDB"
IL13 receptor,P35225,,IL13_HUMAN,user_curated,"3bpo, PDB"
IL15 receptor,P40933,,IL15_HUMAN,user_curated,"Need expression of IL15RA (Q13261) in other cells. 2z3q, PDB partially"
IL17 receptor AB,Q9H293,,IL25_HUMAN,user_curated,NA IL17E called IL25
IL17 receptor AC,Q16552,,IL17_HUMAN,user_curated,uniprot
IL17 receptor AC,Q96PD4,,IL17F_HUMAN,user_curated,uniprot
IL17 receptor AE,Q9P0M4,,IL17C_HUMAN,user_curated,uniprot
IL18 receptor,Q14116,,IL18_HUMAN,user_curated,"3wo3, PDB partially"
IL2 receptor_HA,P60568,,IL2_HUMAN,user_curated,"2b5i, PDB"
IL2 receptor_I,P60568,,IL2_HUMAN,user_curated,"3qaz, PDB"
IL20 receptor Type I,Q13007,,IL24_HUMAN,user_curated,uniprot
IL20 receptor Type I,Q9NYY1,,IL20_HUMAN,user_curated,uniprot
IL20 receptor Type I,Q9UHD0,,IL19_HUMAN,user_curated,uniprot
IL20 receptor Type II,Q13007,,IL24_HUMAN,user_curated,uniprot
IL20 receptor Type II,Q9NYY1,,IL20_HUMAN,user_curated,uniprot
IL21 receptor,Q9HBE4,,IL21_HUMAN,user_curated,"3tgx, PDB partially, uniprot"
IL22 receptor,Q9GZX6,,IL22_HUMAN,user_curated,"3dgc, PDB"
IL26 receptor,Q9NPH9,,IL26_HUMAN,user_curated,"Rutz et al., Nat Rev. 2014"
IL28 receptor,Q8IZI9,,IFNL3_HUMAN,user_curated,"5t5w, PDB"
IL3 receptor,P08700,,IL3_HUMAN,user_curated,uniprot
IL33 receptor,O95760,,IL33_HUMAN,user_curated,uniprot
IL36 receptor,Q8WWZ1,,IL1FA_HUMAN,user_curated,to check
IL36 receptor,Q9NZH7,,IL36B_HUMAN,user_curated,uniprot
IL36 receptor,Q9NZH8,,IL36G_HUMAN,user_curated,uniprot
IL36 receptor,Q9UBH0,,I36RA_HUMAN,user_curated,uniprot
IL36 receptor,Q9UHA7,,IL36A_HUMAN,user_curated,uniprot
IL37 receptor,Q9NZH6,,IL37_HUMAN,user_curated,"See paper Nold-Petry et al., 2015"
IL4 receptor,P05112,,IL4_HUMAN,user_curated,"3qb7, PDB"
IL5 receptor,P05113,,IL5_HUMAN,user_curated,"3qt2, PDB partially"
IL6 receptor,P05231,,IL6_HUMAN,user_curated,"1p9m, PDB"
IL7 receptor,P13232,,IL7_HUMAN,user_curated,"3di2, PDB partially"
IL9 receptor,P15248,,IL9_HUMAN,user_curated,uniprot
LIFR,P13725,,ONCM_HUMAN,user_curated,uniprot
LIFR,P15018,,LIF_HUMAN,user_curated,"1pvh, PDB partially"
MIS receptor 1,P03971,,MIS_HUMAN,user_curated,PMID: 22710174
MIS receptor 2,P03971,,MIS_HUMAN,user_curated,PMID: 22710174
MIS receptor 3,P03971,,MIS_HUMAN,user_curated,PMID: 22710174
NKG2D II receptor,Q5VY80,,RET1L_HUMAN,user_curated,"Induces NK Cell Activation. Reviewed in PMID: 24223577. 4s0u, PDB partially"
NKG2D II receptor,Q6H3X3,,RET1G_HUMAN,user_curated,Induces NK Cell Activation. Reviewed in PMID: 24223577
NODAL receptor,Q96S42,,NODAL_HUMAN,user_curated,PMID: 22710174
O00144,P09544,FZD9_HUMAN,WNT2_HUMAN,user_curated,PMID: 24032637
O00175,P51677,CCL24_HUMAN,CCR3_HUMAN,user_curated,PMID: 24218476
O00220,P50591,TR10A_HUMAN,TNF10_HUMAN,user_curated,uniprot
O00292,P13385,LFTY2_HUMAN,TDGF1_HUMAN,user_curated,PMID: 22710174
O00300,O14788,TR11B_HUMAN,TNF11_HUMAN,user_curated,uniprot
O00300,P50591,TR11B_HUMAN,TNF10_HUMAN,user_curated,uniprot
O00548,P46531,DLL1_HUMAN,NOTC1_HUMAN,user_curated,PMID: 22353464
O00548,Q04721,DLL1_HUMAN,NOTC2_HUMAN,user_curated,PMID: 22353464
O00548,Q99466,DLL1_HUMAN,NOTC4_HUMAN,user_curated,PMID: 22353464
O00548,Q9UM47,DLL1_HUMAN,NOTC3_HUMAN,user_curated,PMID: 22353464
O00585,P32248,CCL21_HUMAN,CCR7_HUMAN,user_curated,PMID: 24218476
O00585,Q9NPB9,CCL21_HUMAN,ACKR4_HUMAN,user_curated,PMID: 24218476
O00590,P10147,ACKR2_HUMAN,CCL3_HUMAN,user_curated,PMID: 24218476
O00590,P13236,ACKR2_HUMAN,CCL4_HUMAN,user_curated,PMID: 24218476
O00590,P13500,ACKR2_HUMAN,CCL2_HUMAN,user_curated,PMID: 24218476
O00590,P13501,ACKR2_HUMAN,CCL5_HUMAN,user_curated,PMID: 24218476
O00590,P51671,ACKR2_HUMAN,CCL11_HUMAN,user_curated,PMID: 24218476
O00590,P80075,ACKR2_HUMAN,CCL8_HUMAN,user_curated,PMID: 24218476
O00590,P80098,ACKR2_HUMAN,CCL7_HUMAN,user_curated,PMID: 24218476
O00590,Q16627,ACKR2_HUMAN,CCL14_HUMAN,user_curated,PMID: 24218476
O00590,Q99616,ACKR2_HUMAN,CCL13_HUMAN,user_curated,PMID: 24218476
O00626,P27487,CCL22_HUMAN,DPP4_HUMAN,user_curated,PMID: 24218476
O00626,P51679,CCL22_HUMAN,CCR4_HUMAN,user_curated,PMID: 24218476
O00755,Q13467,WNT7A_HUMAN,FZD5_HUMAN,user_curated,PMID: 24032637
O14511,P21860,NRG2_HUMAN,ERBB3_HUMAN,user_curated,uniprot
O14511,Q15303,NRG2_HUMAN,ERBB4_HUMAN,user_curated,uniprot
O14625,P27487,CXL11_HUMAN,DPP4_HUMAN,user_curated,PMID: 24218476
O14625,P49682,CXL11_HUMAN,CXCR3_HUMAN,user_curated,PMID: 24218476
O14763,P50591,TR10B_HUMAN,TNF10_HUMAN,user_curated,uniprot
O14786,P15692,NRP1_HUMAN,VEGFA_HUMAN,user_curated,uniprot
O14786,P49763,NRP1_HUMAN,PLGF_HUMAN,user_curated,uniprot
O14786,P49765,NRP1_HUMAN,VEGFB_HUMAN,user_curated,uniprot
O14786,Q14563,NRP1_HUMAN,SEM3A_HUMAN,user_curated,uniprot
O14788,Q9Y6Q6,TNF11_HUMAN,TNR11_HUMAN,user_curated,uniprot
O14793,TGFR_AVR2A,GDF8_HUMAN,,user_curated,PMID: 22710174
O14793,TGFR_AVR2B,GDF8_HUMAN,,user_curated,PMID: 22710174
O14798,P50591,TR10C_HUMAN,TNF10_HUMAN,user_curated,uniprot
O14836,O75888,TR13B_HUMAN,TNF13_HUMAN,user_curated,uniprot
O14836,Q9Y275,TR13B_HUMAN,TN13B_HUMAN,user_curated,uniprot
O14944,P00533,EREG_HUMAN,EGFR_HUMAN,user_curated,uniprot
O14944,Q15303,EREG_HUMAN,ERBB4_HUMAN,user_curated,uniprot
O15197,P52799,EPHB6_HUMAN,EFNB2_HUMAN,user_curated,PMID: 15114347
O15197,P98172,EPHB6_HUMAN,EFNB1_HUMAN,user_curated,PMID: 15114347
O15197,Q15768,EPHB6_HUMAN,EFNB3_HUMAN,user_curated,PMID: 15114347
O15444,P51686,CCL25_HUMAN,CCR9_HUMAN,user_curated,PMID: 24218476
O15444,Q9NPB9,CCL25_HUMAN,ACKR4_HUMAN,user_curated,PMID: 24218476
O15467,P32246,CCL16_HUMAN,CCR1_HUMAN,user_curated,PMID: 24218476
O15467,P41597,CCL16_HUMAN,CCR2_HUMAN,user_curated,PMID: 24218476
O43508,Q9NP84,TNF12_HUMAN,TNR12_HUMAN,user_curated,uniprot
O43557,O95407,TNF14_HUMAN,TNF6B_HUMAN,user_curated,uniprot
O43557,P36941,TNF14_HUMAN,TNR3_HUMAN,user_curated,uniprot
O43557,Q92956,TNF14_HUMAN,TNR14_HUMAN,user_curated,uniprot
O43915,P35916,VEGFD_HUMAN,VGFR3_HUMAN,user_curated,uniprot
O43915,P35968,VEGFD_HUMAN,VGFR2_HUMAN,user_curated,uniprot
O43921,P21709,EFNA2_HUMAN,EPHA1_HUMAN,user_curated,PMID: 15114347
O43921,P29317,EFNA2_HUMAN,EPHA2_HUMAN,user_curated,PMID: 15114347
O43921,P29320,EFNA2_HUMAN,EPHA3_HUMAN,user_curated,PMID: 15114347
O43921,P29322,EFNA2_HUMAN,EPHA8_HUMAN,user_curated,PMID: 15114347
O43921,P54756,EFNA2_HUMAN,EPHA5_HUMAN,user_curated,PMID: 15114347
O43921,P54764,EFNA2_HUMAN,EPHA4_HUMAN,user_curated,PMID: 15114347
O43921,Q15375,EFNA2_HUMAN,EPHA7_HUMAN,user_curated,PMID: 15114347
O43927,P32302,CXL13_HUMAN,CXCR5_HUMAN,user_curated,PMID: 24218476
O43927,Q9NPB9,CXL13_HUMAN,ACKR4_HUMAN,user_curated,PMID: 24218476
O60353,P41221,FZD6_HUMAN,WNT5A_HUMAN,user_curated,PMID: 24032637
O60353,P56705,FZD6_HUMAN,WNT4_HUMAN,user_curated,PMID: 24032637
O60383,TGFR_BMPR2,GDF9_HUMAN,,user_curated,PMID: 22710174
O60462,P15692,NRP2_HUMAN,VEGFA_HUMAN,user_curated,uniprot
O60462,P49763,NRP2_HUMAN,PLGF_HUMAN,user_curated,uniprot
O60462,Q13275,NRP2_HUMAN,SEM3F_HUMAN,user_curated,uniprot
O60462,Q99985,NRP2_HUMAN,SEM3C_HUMAN,user_curated,uniprot
O60486,O75326,PLXC1_HUMAN,SEM7A_HUMAN,user_curated,PMID: 22325954
O60542,RET receptor 4,PSPN_HUMAN,,user_curated,uniprot
O75084,P56703,FZD7_HUMAN,WNT3_HUMAN,user_curated,PMID: 24032637
O75610,P13385,LFTY1_HUMAN,TDGF1_HUMAN,user_curated,PMID: 22710174
O75888,Q02223,TNF13_HUMAN,TNR17_HUMAN,user_curated,uniprot
O95150,O95407,TNF15_HUMAN,TNF6B_HUMAN,user_curated,uniprot
O95390,TGFR_AVR2A,GDF11_HUMAN,,user_curated,PMID: 22710174
O95390,TGFR_AVR2B,GDF11_HUMAN,,user_curated,PMID: 22710174
O95407,P48023,TNF6B_HUMAN,TNFL6_HUMAN,user_curated,uniprot
O95727,Q9BY67,CRTAM_HUMAN,CADM1_HUMAN,user_curated,uniprot
OSMR,P13725,,ONCM_HUMAN,user_curated,uniprot
P00533,P01133,EGFR_HUMAN,EGF_HUMAN,user_curated,uniprot
P00533,P01135,EGFR_HUMAN,TGFA_HUMAN,user_curated,uniprot
P00533,P15514,EGFR_HUMAN,AREG_HUMAN,user_curated,uniprot
P00533,P35070,EGFR_HUMAN,BTC_HUMAN,user_curated,uniprot
P00533,Q6UW88,EGFR_HUMAN,EPGN_HUMAN,user_curated,uniprot
P00533,Q99075,EGFR_HUMAN,HBEGF_HUMAN,user_curated,uniprot
P01127,P09619,PDGFB_HUMAN,PGFRB_HUMAN,user_curated,uniprot
P01127,P16234,PDGFB_HUMAN,PGFRA_HUMAN,user_curated,uniprot
P01127,PDGFR complex,PDGFB_HUMAN,,user_curated,uniprot
P01137,Q03167,TGFB1_HUMAN,TGBR3_HUMAN,user_curated,uniprot
P01137,TGFbeta receptor1,TGFB1_HUMAN,,user_curated,uniprot
P01137,TGFbeta receptor2,TGFB1_HUMAN,,user_curated,uniprot
P01137,aVb6 complex,TGFB1_HUMAN,,user_curated,"5ffo, PDB"
P01138,P04629,NGF_HUMAN,NTRK1_HUMAN,user_curated,uniprot
P01138,P08138,NGF_HUMAN,TNR16_HUMAN,user_curated,uniprot
P01308,P06213,INS_HUMAN,INSR_HUMAN,user_curated,uniprot
P01344,P08069,IGF2_HUMAN,IGF1R_HUMAN,user_curated,PMID: 27102148
P01344,P11717,IGF2_HUMAN,MPRI_HUMAN,user_curated,uniprot
P01374,P19438,TNFB_HUMAN,TNR1A_HUMAN,user_curated,uniprot
P01374,P20333,TNFB_HUMAN,TNR1B_HUMAN,user_curated,uniprot
P01374,Q92956,TNFB_HUMAN,TNR14_HUMAN,user_curated,uniprot
P01375,P19438,TNFA_HUMAN,TNR1A_HUMAN,user_curated,uniprot
P01375,P20333,TNFA_HUMAN,TNR1B_HUMAN,user_curated,uniprot
P01562,Type I IFNR,IFNA1_HUMAN,,user_curated,PMID: 9208871
P01563,Type I IFNR,IFNA2_HUMAN,,user_curated,"3se3, PDB"
P01566,Type I IFNR,IFN10_HUMAN,,user_curated,uniprot
P01567,Type I IFNR,IFNA7_HUMAN,,user_curated,uniprot
P01568,Type I IFNR,IFN21_HUMAN,,user_curated,uniprot
P01569,Type I IFNR,IFNA5_HUMAN,,user_curated,uniprot
P01570,Type I IFNR,IFN14_HUMAN,,user_curated,uniprot
P01571,Type I IFNR,IFN17_HUMAN,,user_curated,uniprot
P01574,Type I IFNR,IFNB_HUMAN,,user_curated,PMID: 9208871
P01579,Type II IFNR,IFNG_HUMAN,,user_curated,PMID: 9208871
P01588,P19235,EPO_HUMAN,EPOR_HUMAN,user_curated,uniprot
P02775,P25024,CXCL7_HUMAN,CXCR1_HUMAN,user_curated,PMID: 24218476
P02775,P25025,CXCL7_HUMAN,CXCR2_HUMAN,user_curated,PMID: 24218476
P02776,P49682,PLF4_HUMAN,CXCR3_HUMAN,user_curated,PMID: 24218476
P02778,P27487,CXL10_HUMAN,DPP4_HUMAN,user_curated,PMID: 24218476
P02778,P49682,CXL10_HUMAN,CXCR3_HUMAN,user_curated,PMID: 24218476
P04004,a2Bb3 complex,VTNC_HUMAN,,user_curated,uniprot
P04004,aVb1 complex,VTNC_HUMAN,,user_curated,uniprot
P04004,aVb3 complex,VTNC_HUMAN,,user_curated,uniprot
P04085,P16234,PDGFA_HUMAN,PGFRA_HUMAN,user_curated,uniprot
P04233,P05067,HG2A_HUMAN,A4_HUMAN,user_curated,https://www.ncbi.nlm.nih.gov/pubmed/19849849
P04628,Q9UP38,WNT1_HUMAN,FZD1_HUMAN,user_curated,PMID: 24032637
P04629,P20783,NTRK1_HUMAN,NTF3_HUMAN,user_curated,uniprot
P05000,Type I IFNR,IFNW1_HUMAN,,user_curated,PMID: 9208871
P05013,Type I IFNR,IFNA6_HUMAN,,user_curated,uniprot
P05014,Type I IFNR,IFNA4_HUMAN,,user_curated,uniprot
P05015,Type I IFNR,IFN16_HUMAN,,user_curated,uniprot
P05019,P08069,IGF1_HUMAN,IGF1R_HUMAN,user_curated,uniprot
P05019,a6b4 complex,IGF1_HUMAN,,user_curated,uniprot
P05230,P11362,FGF1_HUMAN,FGFR1_HUMAN,user_curated,uniprot
P05230,aVb3 complex,FGF1_HUMAN,,user_curated,uniprot
P05362,P16150,ICAM1_HUMAN,LEUK_HUMAN,user_curated,https://www.ncbi.nlm.nih.gov/pubmed/1683685
P05362,P20701,ICAM1_HUMAN,ITAL_HUMAN,user_curated,Reviewed in PMID: 23602662
P05362,aLb2 complex,ICAM1_HUMAN,,user_curated,uniprot
P05362,aMb2 complex,ICAM1_HUMAN,,user_curated,uniprot
P05362,aXb2 complex,ICAM1_HUMAN,,user_curated,https://www.ncbi.nlm.nih.gov/pubmed/16252253
P07333,P09603,CSF1R_HUMAN,CSF1_HUMAN,user_curated,uniprot
P07333,Q6ZMJ4,CSF1R_HUMAN,IL34_HUMAN,user_curated,uniprot
P08138,P20783,TNR16_HUMAN,NTF3_HUMAN,user_curated,uniprot
P08138,P23560,TNR16_HUMAN,BDNF_HUMAN,user_curated,uniprot
P08138,P34130,TNR16_HUMAN,NTF4_HUMAN,user_curated,uniprot
P08581,P14210,MET_HUMAN,HGF_HUMAN,user_curated,uniprot
P09038,P11362,FGF2_HUMAN,FGFR1_HUMAN,user_curated,uniprot
P09038,P21802,FGF2_HUMAN,FGFR2_HUMAN,user_curated,uniprot
P09038,P22455,FGF2_HUMAN,FGFR4_HUMAN,user_curated,uniprot
P09038,P22607,FGF2_HUMAN,FGFR3_HUMAN,user_curated,uniprot
P09038,aVb3 complex,FGF2_HUMAN,,user_curated,uniprot
P09341,P25024,GROA_HUMAN,CXCR1_HUMAN,user_curated,PMID: 24218476
P09341,P25025,GROA_HUMAN,CXCR2_HUMAN,user_curated,PMID: 24218476
P09341,Q16570,GROA_HUMAN,ACKR1_HUMAN,user_curated,PMID: 24218476
P09544,Q14332,WNT2_HUMAN,FZD2_HUMAN,user_curated,PMID: 24032637
P09544,Q9NPG1,WNT2_HUMAN,FZD3_HUMAN,user_curated,PMID: 24032637
P09544,Q9ULV1,WNT2_HUMAN,FZD4_HUMAN,user_curated,PMID: 24032637
P09619,Q9GZP0,PGFRB_HUMAN,PDGFD_HUMAN,user_curated,uniprot
P09919,Q99062,CSF3_HUMAN,CSF3R_HUMAN,user_curated,uniprot
P10145,P25024,IL8_HUMAN,CXCR1_HUMAN,user_curated,PMID: 24218476
P10145,P25025,IL8_HUMAN,CXCR2_HUMAN,user_curated,PMID: 24218476
P10145,Q16570,IL8_HUMAN,ACKR1_HUMAN,user_curated,PMID: 24218476
P10147,P32246,CCL3_HUMAN,CCR1_HUMAN,user_curated,PMID: 24218476
P10147,P51677,CCL3_HUMAN,CCR3_HUMAN,user_curated,PMID: 24218476
P10147,P51681,CCL3_HUMAN,CCR5_HUMAN,user_curated,PMID: 15251452
P10451,a4b1 complex,OSTP_HUMAN,,user_curated,"PMID: 1830891, PMID: 8970045"
P10451,a9b1 complex,OSTP_HUMAN,,user_curated,"PMID: 1830891, PMID: 8970045"
P10451,aVb3 complex,OSTP_HUMAN,,user_curated,PMID: 24442579
P10600,Q03167,TGFB3_HUMAN,TGBR3_HUMAN,user_curated,uniprot
P10600,TGFbeta receptor1,TGFB3_HUMAN,,user_curated,uniprot
P10600,TGFbeta receptor2,TGFB3_HUMAN,,user_curated,uniprot
P10721,P21583,KIT_HUMAN,SCF_HUMAN,user_curated,uniprot
P11047,a2b1 complex,LAMC1_HUMAN,,user_curated,uniprot
P11047,a6b1 complex,LAMC1_HUMAN,,user_curated,uniprot
P11047,a7b1 complex,LAMC1_HUMAN,,user_curated,uniprot
P11047,aVb3 complex,LAMC1_HUMAN,,user_curated,uniprot
P11362,P13591,FGFR1_HUMAN,NCAM1_HUMAN,user_curated,https://www.ncbi.nlm.nih.gov/pubmed/12791257
P13236,P51681,CCL4_HUMAN,CCR5_HUMAN,user_curated,uniprot
P13500,P41597,CCL2_HUMAN,CCR2_HUMAN,user_curated,PMID: 24218476
P13500,Q16570,CCL2_HUMAN,ACKR1_HUMAN,user_curated,PMID: 24218476
P13501,P32246,CCL5_HUMAN,CCR1_HUMAN,user_curated,PMID: 24218476
P13501,P51677,CCL5_HUMAN,CCR3_HUMAN,user_curated,PMID: 24218476
P13501,P51679,CCL5_HUMAN,CCR4_HUMAN,user_curated,PMID: 24218476
P13501,P51681,CCL5_HUMAN,CCR5_HUMAN,user_curated,PMID: 24218476
P13501,Q16570,CCL5_HUMAN,ACKR1_HUMAN,user_curated,PMID: 24218476
P15151,P40200,PVR_HUMAN,TACT_HUMAN,user_curated,uniprot
P15151,Q15762,PVR_HUMAN,CD226_HUMAN,user_curated,"activating interaction PMID: 15607800, NK cell cytotoxicity. PMID: 24440149"
P15151,Q495A1,PVR_HUMAN,TIGIT_HUMAN,user_curated,"PMID: 19815499, Induces NK Cell Inhibition. Reviewed in PMID:24987108"
P15151,Q9NQS3,PVR_HUMAN,PVRL3_HUMAN,user_curated,"https://www.ncbi.nlm.nih.gov/pubmed/19011627,https://www.ncbi.nlm.nih.gov/pubmed/12740392/"
P15529,P78504,MCP_HUMAN,JAG1_HUMAN,user_curated,https://www.ncbi.nlm.nih.gov/pubmed/23086448
P15692,P17948,VEGFA_HUMAN,VGFR1_HUMAN,user_curated,uniprot
P15692,P35968,VEGFA_HUMAN,VGFR2_HUMAN,user_curated,uniprot
P16070,P16581,CD44_HUMAN,LYAM2_HUMAN,user_curated,https://www.ncbi.nlm.nih.gov/pmc/articles/PMC4571854/
P16234,Q9NRA1,PGFRA_HUMAN,PDGFC_HUMAN,user_curated,uniprot
P16619,P32246,CL3L1_HUMAN,CCR1_HUMAN,user_curated,PMID: 24218476
P16619,P51677,CL3L1_HUMAN,CCR3_HUMAN,user_curated,PMID: 24218476
P17948,P49763,VGFR1_HUMAN,PLGF_HUMAN,user_curated,uniprot
P17948,P49765,VGFR1_HUMAN,VEGFB_HUMAN,user_curated,uniprot
P19875,P25025,CXCL2_HUMAN,CXCR2_HUMAN,user_curated,PMID: 24218476
P19875,P27487,CXCL2_HUMAN,DPP4_HUMAN,user_curated,PMID: 24218476
P19876,P25025,CXCL3_HUMAN,CXCR2_HUMAN,user_curated,PMID: 24218476
P20783,Q16288,NTF3_HUMAN,NTRK3_HUMAN,user_curated,uniprot
P20783,Q16620,NTF3_HUMAN,NTRK2_HUMAN,user_curated,uniprot
P20827,P21709,EFNA1_HUMAN,EPHA1_HUMAN,user_curated,PMID: 15114347
P20827,P29317,EFNA1_HUMAN,EPHA2_HUMAN,user_curated,PMID: 15114347
P20827,P29320,EFNA1_HUMAN,EPHA3_HUMAN,user_curated,PMID: 15114347
P20827,P29322,EFNA1_HUMAN,EPHA8_HUMAN,user_curated,PMID: 15114347
P20827,P54756,EFNA1_HUMAN,EPHA5_HUMAN,user_curated,PMID: 15114347
P20827,P54764,EFNA1_HUMAN,EPHA4_HUMAN,user_curated,PMID: 15114347
P20827,Q15375,EFNA1_HUMAN,EPHA7_HUMAN,user_curated,PMID: 15114347
P21246,P23471,PTN_HUMAN,PTPRZ_HUMAN,user_curated,PMID: 25644401
P21246,Q9UM73,PTN_HUMAN,ALK_HUMAN,user_curated,uniprot
P21709,P52797,EPHA1_HUMAN,EFNA3_HUMAN,user_curated,PMID: 15114347
P21709,P52798,EPHA1_HUMAN,EFNA4_HUMAN,user_curated,PMID: 15114347
P21709,P52803,EPHA1_HUMAN,EFNA5_HUMAN,user_curated,PMID: 15114347
P21741,P23471,MK_HUMAN,PTPRZ_HUMAN,user_curated,PMID: 10212223
P21741,Q9UM73,MK_HUMAN,ALK_HUMAN,user_curated,uniprot
P21860,P35070,ERBB3_HUMAN,BTC_HUMAN,user_curated,uniprot
P21860,Q02297,ERBB3_HUMAN,NRG1_HUMAN,user_curated,uniprot
P22362,P51685,CCL1_HUMAN,CCR8_HUMAN,user_curated,PMID: 24218476
P23560,Q16620,BDNF_HUMAN,NTRK2_HUMAN,user_curated,uniprot
P25024,P42830,CXCR1_HUMAN,CXCL5_HUMAN,user_curated,PMID: 24218476
P25024,P80162,CXCR1_HUMAN,CXCL6_HUMAN,user_curated,PMID: 24218476
P25025,P42830,CXCR2_HUMAN,CXCL5_HUMAN,user_curated,PMID: 24218476
P25025,P80162,CXCR2_HUMAN,CXCL6_HUMAN,user_curated,PMID: 24218476
P25445,P48023,TNR6_HUMAN,TNFL6_HUMAN,user_curated,uniprot
P25942,P29965,TNR5_HUMAN,CD40L_HUMAN,user_curated,Reviewed in PMID: 23602662
P26842,P32970,CD27_HUMAN,CD70_HUMAN,user_curated,activating interaction for NK and T cells. uniprot & PMID: 26697006
P26927,Q04912,HGFL_HUMAN,RON_HUMAN,user_curated,PMID: 23792360
P27037,P55103,AVR2A_HUMAN,INHBC_HUMAN,user_curated,PMID: 22710174
P27037,P58166,AVR2A_HUMAN,INHBE_HUMAN,user_curated,PMID: 22710174
P27487,P48061,DPP4_HUMAN,SDF1_HUMAN,user_curated,PMID: 24218476
P27487,P51671,DPP4_HUMAN,CCL11_HUMAN,user_curated,PMID: 24218476
P27487,Q07325,DPP4_HUMAN,CXCL9_HUMAN,user_curated,PMID: 24218476
P29317,P52797,EPHA2_HUMAN,EFNA3_HUMAN,user_curated,PMID: 15114347
P29317,P52798,EPHA2_HUMAN,EFNA4_HUMAN,user_curated,PMID: 15114347
P29317,P52803,EPHA2_HUMAN,EFNA5_HUMAN,user_curated,PMID: 15114347
P29320,P52797,EPHA3_HUMAN,EFNA3_HUMAN,user_curated,PMID: 15114347
P29320,P52798,EPHA3_HUMAN,EFNA4_HUMAN,user_curated,PMID: 15114347
P29320,P52803,EPHA3_HUMAN,EFNA5_HUMAN,user_curated,PMID: 15114347
P29322,P52797,EPHA8_HUMAN,EFNA3_HUMAN,user_curated,PMID: 15114347
P29322,P52798,EPHA8_HUMAN,EFNA4_HUMAN,user_curated,PMID: 15114347
P29322,P52803,EPHA8_HUMAN,EFNA5_HUMAN,user_curated,PMID: 15114347
P29323,P52799,EPHB2_HUMAN,EFNB2_HUMAN,user_curated,PMID: 15114347
P29323,P52803,EPHB2_HUMAN,EFNA5_HUMAN,user_curated,PMID:15107857; PMID: 15114347
P29323,P98172,EPHB2_HUMAN,EFNB1_HUMAN,user_curated,PMID: 15114347
P29323,Q15768,EPHB2_HUMAN,EFNB3_HUMAN,user_curated,PMID: 15114347
P29965,a2Bb3 complex,CD40L_HUMAN,,user_curated,https://www.ncbi.nlm.nih.gov/pubmed/11875495
P29965,a5b1 complex,CD40L_HUMAN,,user_curated,https://www.ncbi.nlm.nih.gov/pmc/articles/PMC3365732/
P32246,P55773,CCR1_HUMAN,CCL23_HUMAN,user_curated,PMID: 24218476
P32246,P80075,CCR1_HUMAN,CCL8_HUMAN,user_curated,PMID: 24218476
P32246,P80098,CCR1_HUMAN,CCL7_HUMAN,user_curated,PMID: 24218476
P32246,Q16627,CCR1_HUMAN,CCL14_HUMAN,user_curated,PMID: 24218476
P32246,Q16663,CCR1_HUMAN,CCL15_HUMAN,user_curated,uniprot
P32246,Q9Y258,CCR1_HUMAN,CCL26_HUMAN,user_curated,PMID: 24218476
P32248,Q99731,CCR7_HUMAN,CCL19_HUMAN,user_curated,PMID: 24218476
P32881,Type I IFNR,IFNA8_HUMAN,,user_curated,uniprot
P35070,Q15303,BTC_HUMAN,ERBB4_HUMAN,user_curated,uniprot
P35225,Q14627,IL13_HUMAN,I13R2_HUMAN,user_curated,PMID: 26471366
P35555,a5b1 complex,FBN1_HUMAN,,user_curated,uniprot
P35916,P49767,VGFR3_HUMAN,VEGFC_HUMAN,user_curated,uniprot
P35968,P49767,VGFR2_HUMAN,VEGFC_HUMAN,user_curated,uniprot
P36888,P49771,FLT3_HUMAN,FLT3L_HUMAN,user_curated,uniprot
P39905,RET receptor 1,GDNF_HUMAN,,user_curated,uniprot
P40200,Q15223,TACT_HUMAN,PVRL1_HUMAN,user_curated,PMID: 17971293
P40225,P40238,TPO_HUMAN,TPOR_HUMAN,user_curated,uniprot
P41159,P48357,LEP_HUMAN,LEPR_HUMAN,user_curated,uniprot
P41221,Q13467,WNT5A_HUMAN,FZD5_HUMAN,user_curated,PMID: 24032637
P41221,Q14332,WNT5A_HUMAN,FZD2_HUMAN,user_curated,PMID: 24032637
P41221,Q9NPG1,WNT5A_HUMAN,FZD3_HUMAN,user_curated,PMID: 24032637
P41221,Q9UP38,WNT5A_HUMAN,FZD1_HUMAN,user_curated,PMID: 24032637
P41273,Q07011,TNFL9_HUMAN,TNR9_HUMAN,user_curated,uniprot
P41597,P80075,CCR2_HUMAN,CCL8_HUMAN,user_curated,PMID: 24218476
P41597,P80098,CCR2_HUMAN,CCL7_HUMAN,user_curated,PMID: 24218476
P41597,Q99616,CCR2_HUMAN,CCL13_HUMAN,user_curated,PMID: 24218476
P41597,Q9Y258,CCR2_HUMAN,CCL26_HUMAN,user_curated,PMID: 24218476
P46092,Q9Y4X3,CCR10_HUMAN,CCL27_HUMAN,user_curated,PMID: 24218476
P46094,P47992,XCR1_HUMAN,XCL1_HUMAN,user_curated,PMID: 24218476
P46094,Q9UBD3,XCR1_HUMAN,XCL2_HUMAN,user_curated,uniprot
P46531,P78504,NOTC1_HUMAN,JAG1_HUMAN,user_curated,PMID: 22353464
P46531,Q9NR61,NOTC1_HUMAN,DLL4_HUMAN,user_curated,PMID: 22353464
P46531,Q9Y219,NOTC1_HUMAN,JAG2_HUMAN,user_curated,PMID: 22353464
P48061,P61073,SDF1_HUMAN,CXCR4_HUMAN,user_curated,PMID: 24218476
P49238,P78423,CX3C1_HUMAN,X3CL1_HUMAN,user_curated,PMID: 24218476
P49682,Q07325,CXCR3_HUMAN,CXCL9_HUMAN,user_curated,PMID: 24218476
P50591,Q9UBN6,TNF10_HUMAN,TR10D_HUMAN,user_curated,uniprot
P51671,P51677,CCL11_HUMAN,CCR3_HUMAN,user_curated,PMID: 24218476
P51677,P80075,CCR3_HUMAN,CCL8_HUMAN,user_curated,PMID: 24218476
P51677,P80098,CCR3_HUMAN,CCL7_HUMAN,user_curated,PMID: 24218476
P51677,Q16627,CCR3_HUMAN,CCL14_HUMAN,user_curated,PMID: 24218476
P51677,Q16663,CCR3_HUMAN,CCL15_HUMAN,user_curated,uniprot
P51677,Q99616,CCR3_HUMAN,CCL13_HUMAN,user_curated,PMID: 24218476
P51677,Q9Y258,CCR3_HUMAN,CCL26_HUMAN,user_curated,PMID: 24218476
P51679,Q92583,CCR4_HUMAN,CCL17_HUMAN,user_curated,PMID: 24218476
P51681,P80075,CCR5_HUMAN,CCL8_HUMAN,user_curated,PMID: 24218476
P51681,P80098,CCR5_HUMAN,CCL7_HUMAN,user_curated,PMID: 24218476
P51684,P78556,CCR6_HUMAN,CCL20_HUMAN,user_curated,PMID: 24218476
P51685,P55774,CCR8_HUMAN,CCL18_HUMAN,user_curated,PMID: 24218476
P52797,P54764,EFNA3_HUMAN,EPHA4_HUMAN,user_curated,PMID: 15114347
P52798,P54764,EFNA4_HUMAN,EPHA4_HUMAN,user_curated,PMID: 15114347
P52799,P54753,EFNB2_HUMAN,EPHB3_HUMAN,user_curated,PMID: 15114347
P52799,P54760,EFNB2_HUMAN,EPHB4_HUMAN,user_curated,PMID: 15114347
P52799,P54762,EFNB2_HUMAN,EPHB1_HUMAN,user_curated,PMID: 15114347
P52799,P54764,EFNB2_HUMAN,EPHA4_HUMAN,user_curated,PMID: 15114347
P52803,P54756,EFNA5_HUMAN,EPHA5_HUMAN,user_curated,PMID: 15114347
P52803,P54764,EFNA5_HUMAN,EPHA4_HUMAN,user_curated,PMID: 15114347
P52803,Q15375,EFNA5_HUMAN,EPHA7_HUMAN,user_curated,PMID: 15114347
P54753,P98172,EPHB3_HUMAN,EFNB1_HUMAN,user_curated,PMID: 15114347
P54753,Q15768,EPHB3_HUMAN,EFNB3_HUMAN,user_curated,PMID: 15114347
P54760,P98172,EPHB4_HUMAN,EFNB1_HUMAN,user_curated,PMID: 15114347
P54760,Q15768,EPHB4_HUMAN,EFNB3_HUMAN,user_curated,PMID: 15114347
P54762,P98172,EPHB1_HUMAN,EFNB1_HUMAN,user_curated,PMID: 15114347
P54762,Q15768,EPHB1_HUMAN,EFNB3_HUMAN,user_curated,PMID: 15114347
P54764,P98172,EPHA4_HUMAN,EFNB1_HUMAN,user_curated,PMID: 15114347
P54764,Q15768,EPHA4_HUMAN,EFNB3_HUMAN,user_curated,PMID: 15114347
P55103,Q13705,INHBC_HUMAN,AVR2B_HUMAN,user_curated,PMID: 22710174
P56706,Q9ULV1,WNT7B_HUMAN,FZD4_HUMAN,user_curated,PMID: 24032637
P56706,Q9ULW2,WNT7B_HUMAN,FZD10_HUMAN,user_curated,PMID: 24032637
P56706,Q9UP38,WNT7B_HUMAN,FZD1_HUMAN,user_curated,PMID: 24032637
P56975,Q15303,NRG3_HUMAN,ERBB4_HUMAN,user_curated,uniprot
P57087,Q9BX67,JAM2_HUMAN,JAM3_HUMAN,user_curated,"https://www.ncbi.nlm.nih.gov/pmc/articles/PMC1237098/,https://www.ncbi.nlm.nih.gov/pubmed/11590146"
P58166,Q13705,INHBE_HUMAN,AVR2B_HUMAN,user_curated,PMID: 22710174
P61812,Q03167,TGFB2_HUMAN,TGBR3_HUMAN,user_curated,uniprot
P61812,TGFbeta receptor1,TGFB2_HUMAN,,user_curated,uniprot
P61812,TGFbeta receptor2,TGFB2_HUMAN,,user_curated,uniprot
P78324,Q08722,SHPS1_HUMAN,CD47_HUMAN,user_curated,Reviewed in PMID: 23602662
P78504,Q04721,JAG1_HUMAN,NOTC2_HUMAN,user_curated,PMID: 22353464
P78504,Q99466,JAG1_HUMAN,NOTC4_HUMAN,user_curated,PMID: 22353464
P78504,Q9UM47,JAG1_HUMAN,NOTC3_HUMAN,user_curated,PMID: 22353464
PDGFR complex,Q9GZP0,,PDGFD_HUMAN,user_curated,uniprot
Q02223,Q9Y275,TNR17_HUMAN,TN13B_HUMAN,user_curated,uniprot
Q02297,Q15303,NRG1_HUMAN,ERBB4_HUMAN,user_curated,uniprot
Q02297,a6b4 complex,NRG1_HUMAN,,user_curated,uniprot
Q02413,Q02487,DSG1_HUMAN,DSC2_HUMAN,user_curated,https://www.ncbi.nlm.nih.gov/pubmed/27298358
Q02413,Q08554,DSG1_HUMAN,DSC1_HUMAN,user_curated,https://www.ncbi.nlm.nih.gov/pubmed/27298358
Q02413,Q14574,DSG1_HUMAN,DSC3_HUMAN,user_curated,https://www.ncbi.nlm.nih.gov/pubmed/27298358
Q02487,Q14126,DSC2_HUMAN,DSG2_HUMAN,user_curated,https://www.ncbi.nlm.nih.gov/pubmed/27298358
Q04721,Q9NR61,NOTC2_HUMAN,DLL4_HUMAN,user_curated,PMID: 22353464
Q04721,Q9Y219,NOTC2_HUMAN,JAG2_HUMAN,user_curated,PMID: 22353464
Q08554,Q14126,DSC1_HUMAN,DSG2_HUMAN,user_curated,https://www.ncbi.nlm.nih.gov/pubmed/27298358
Q08722,Q9P1W8,CD47_HUMAN,SIRPG_HUMAN,user_curated,https://www.ncbi.nlm.nih.gov/pubmed/15294972
Q08722,SIRB1 complex,CD47_HUMAN,,user_curated,"2jjs, PDB partially"
Q14126,Q14574,DSG2_HUMAN,DSC3_HUMAN,user_curated,https://www.ncbi.nlm.nih.gov/pubmed/27298358
Q15223,Q8N126,PVRL1_HUMAN,CADM3_HUMAN,user_curated,uniprot
Q15223,Q96NY8,PVRL1_HUMAN,PVRL4_HUMAN,user_curated,https://www.ncbi.nlm.nih.gov/pubmed/22902367
Q15223,Q9NQS3,PVRL1_HUMAN,PVRL3_HUMAN,user_curated,https://www.ncbi.nlm.nih.gov/pubmed/12740392/
Q15303,Q8WWG1,ERBB4_HUMAN,NRG4_HUMAN,user_curated,uniprot
Q15303,Q99075,ERBB4_HUMAN,HBEGF_HUMAN,user_curated,uniprot
Q15762,Q92692,CD226_HUMAN,PVRL2_HUMAN,user_curated,"activating interaction PMID: 15607800, NK cell cytotoxicity. PMID: 24440149"
Q16787,a3b1 complex,LAMA3_HUMAN,,user_curated,uniprot
Q495A1,Q92692,TIGIT_HUMAN,PVRL2_HUMAN,user_curated,"PMID: 1313846, Induces NK Cell Inhibition. Reviewed in PMID:24987108"
Q495A1,Q9NQS3,TIGIT_HUMAN,PVRL3_HUMAN,user_curated,PMID: 1313846
Q5T4W7,RET receptor 1,ARTN_HUMAN,,user_curated,uniprot
Q5T4W7,RET receptor 3,ARTN_HUMAN,,user_curated,uniprot
Q86WN2,Type I IFNR,IFNE_HUMAN,,user_curated,PMID: 9208871
Q8IU54,Type III IFNR,IFNL1_HUMAN,,user_curated,PMID: 9208871
Q8IZI9,Type III IFNR,IFNL3_HUMAN,,user_curated,PMID: 9208871
Q8IZJ0,Type III IFNR,IFNL2_HUMAN,,user_curated,PMID: 9208871
Q8N126,Q9BY67,CADM3_HUMAN,CADM1_HUMAN,user_curated,uniprot
Q8N126,Q9NQS3,CADM3_HUMAN,PVRL3_HUMAN,user_curated,uniprot
Q92692,Q9NQS3,PVRL2_HUMAN,PVRL3_HUMAN,user_curated,"https://www.ncbi.nlm.nih.gov/pubmed/19011627,https://www.ncbi.nlm.nih.gov/pubmed/12740392/"
Q93097,Q9ULV1,WNT2B_HUMAN,FZD4_HUMAN,user_curated,PMID: 24032637
Q969D9,TSLPR,TSLP_HUMAN,,user_curated,"5j11, PDB"
Q99466,Q9NR61,NOTC4_HUMAN,DLL4_HUMAN,user_curated,PMID: 22353464
Q99466,Q9Y219,NOTC4_HUMAN,JAG2_HUMAN,user_curated,PMID: 22353464
Q99731,Q9NPB9,CCL19_HUMAN,ACKR4_HUMAN,user_curated,PMID: 24218476
Q99748,RET receptor 2,NRTN_HUMAN,,user_curated,uniprot
Q9BX67,Q9BX67,JAM3_HUMAN,JAM3_HUMAN,user_curated,https://www.ncbi.nlm.nih.gov/pubmed/16118203
Q9BX67,aMb2 complex,JAM3_HUMAN,,user_curated,"https://www.ncbi.nlm.nih.gov/pubmed/16118203,https://www.ncbi.nlm.nih.gov/pmc/articles/PMC2194005/"
Q9BY67,Q9BY67,CADM1_HUMAN,CADM1_HUMAN,user_curated,https://www.ncbi.nlm.nih.gov/pubmed/24503895
Q9BY67,Q9NQS3,CADM1_HUMAN,PVRL3_HUMAN,user_curated,uniprot
Q9NR61,Q9UM47,DLL4_HUMAN,NOTC3_HUMAN,user_curated,PMID: 22353464
Q9P0W0,Type I IFNR,IFNK_HUMAN,,user_curated,PMID: 9208871
Q9UM47,Q9Y219,NOTC3_HUMAN,JAG2_HUMAN,user_curated,PMID: 22353464
Q9UNG2,Q9Y5U5,TNF18_HUMAN,TNR18_HUMAN,user_curated,uniprot
